rsid,trait,chr,pos,p,OR or BETA,95% CI (TEXT),MAPPED_GENE,PUBMEDID,FIRST AUTHOR,JOURNAL,Sample,STUDY ACCESSION,STUDY
rs4702,Schizophrenia,15,90883330,8e-14,1.0845987,FURIN,25056061,Ripke S,Nature,"32,405 European ancestry cases, 42,221 European ancestry controls, 1,235 European ancestry cases and 1,235 European ancestry controls from 1235 parent-offspring trios, 1,836 East Asian ancestry cases, 3,383 East Asian ancestry controls","32,405 European ancestry cases, 42,221 European ancestry controls, 1,235 European ancestry cases and 1,235 European ancestry controls from 1235 parent-offspring trios, 1,836 East Asian ancestry cases, 3,383 East Asian ancestry controls",GCST002539,Biological insights from 108 schizophrenia-associated genetic loci.
rs12042107,Educational attainment,1,90730619,7e-09,0.0247903,BARHL2 - LINC02609,27046643,Davies G,Mol Psychiatry,"111,114 European ancestry individuals","111,114 European ancestry individuals",GCST003496,Genome-wide association study of cognitive functions and educational attainment in UK Biobank (N=112 151).
rs12653396,Educational attainment (years of education),5,88551455,8e-09,0.012945342,MIR9-2HG,27225129,Okbay A,Nature,"405,072 European ancestry individuals","405,072 European ancestry individuals",GCST003676,Genome-wide association study identifies 74 loci associated with educational attainment.
rs4702,Schizophrenia,15,90883330,3e-12,1.0752687,FURIN,26198764,Goes FS,Am J Med Genet B Neuropsychiatr Genet,"592 Ashkenazi Jewish ancestry cases, 505 Ashkenazi Jewish ancestry controls, 36,989 cases, 113,075 controls","592 Ashkenazi Jewish ancestry cases, 505 Ashkenazi Jewish ancestry controls, 36,989 cases, 113,075 controls",GCST003048,Genome-wide association study of schizophrenia in Ashkenazi Jews.
rs3896224,Intelligence,10,104708095,3e-08,5.525,SORCS3,29942086,Savage JE,Nat Genet,"269,867 European ancestry individuals","269,867 European ancestry individuals",GCST006250,"Genome-wide association meta-analysis in 269,867 individuals identifies new genetic and functional links to intelligence."
rs2624839,Intelligence,3,50164798,6e-17,8.365,SEMA3F,29942086,Savage JE,Nat Genet,"269,867 European ancestry individuals","269,867 European ancestry individuals",GCST006250,"Genome-wide association meta-analysis in 269,867 individuals identifies new genetic and functional links to intelligence."
rs7188873,Waist circumference adjusted for body mass index,16,24715743,5e-10,,TNRC6A,31669095,Zhu Z,J Allergy Clin Immunol,"457,690 European ancestry individuals","457,690 European ancestry individuals",GCST009867,Shared Genetic and Experimental Links between Obesity-Related Traits and Asthma Subtypes in UK Biobank.
rs7024334,Metabolic syndrome,9,106309794,2e-10,0.00990017,LINC01505,39349817,Park S,Nat Genet,"1,384,348 European ancestry individuals","1,384,348 European ancestry individuals",GCST90444487,Multivariate genomic analysis of 5 million people elucidates the genetic architecture of shared components of the metabolic syndrome.
rs3896224,Trauma exposure,10,104708095,3e-07,1.0741138,SORCS3,31969693,Coleman JRI,Mol Psychiatry,"35,269 European ancestry cases, 63,451 European ancestry controls","35,269 European ancestry cases, 63,451 European ancestry controls",GCST009982,Genome-wide gene-environment analyses of major depressive disorder and reported lifetime traumatic experiences in UK Biobank.
rs12653396,Body mass index,5,88551455,3e-08,,MIR9-2HG,31669095,Zhu Z,J Allergy Clin Immunol,"457,822 European ancestry individuals","457,822 European ancestry individuals",GCST009871,Shared Genetic and Experimental Links between Obesity-Related Traits and Asthma Subtypes in UK Biobank.
rs7024334,Body mass index,9,106309794,5e-12,0.0135,LINC01505,30239722,Pulit SL,Hum Mol Genet,"434,794 European ancestry female individuals","434,794 European ancestry female individuals",GCST009003,"Meta-analysis of genome-wide association studies for body fat distribution in 694,649 individuals of European ancestry."
rs7024334,Body mass index,9,106309794,4e-08,,LINC01505,30595370,Kichaev G,Am J Hum Genet,"approximately 458,000 European ancestry individuals","approximately 458,000 European ancestry individuals",GCST007039,Leveraging Polygenic Functional Enrichment to Improve GWAS Power.
rs7188873,Metabolic syndrome,16,24715743,1e-08,0.03863,TNRC6A,31589552,Lind L,Metab Syndr Relat Disord,"291,107 European ancestry individuals","291,107 European ancestry individuals",GCST009602,Genome-Wide Association Study of the Metabolic Syndrome in UK Biobank.
rs4702,Schizophrenia,15,90883330,2e-11,,FURIN,31268507,Periyasamy S,JAMA Psychiatry,"816 Indian ancestry cases, 900 Indian ancestry controls, 505 Indian ancestry cases and 871 Indian ancestry controls from 405 families, up to 36,989 European and unknown ancestry cases, up to 113,075 European and unknown ancestry controls","816 Indian ancestry cases, 900 Indian ancestry controls, 505 Indian ancestry cases and 871 Indian ancestry controls from 405 families, up to 36,989 European and unknown ancestry cases, up to 113,075 European and unknown ancestry controls",GCST008459,Association of Schizophrenia Risk With Disordered Niacin Metabolism in an Indian Genome-wide Association Study.
rs12042107,Smoking status (ever vs never smokers),1,90730619,5e-11,0.01429985,BARHL2 - LINC02609,30643258,Karlsson Linner R,Nat Genet,"518,633 European ancestry individuals","518,633 European ancestry individuals",GCST007327,Genome-wide association analyses of risk tolerance and risky behaviors in over 1 million individuals identify hundreds of loci and shared genetic influences.
rs4702,Number of sexual partners,15,90883330,6e-17,0.019928893,FURIN,30643258,Karlsson Linner R,Nat Genet,"370,711 European ancestry individuals","370,711 European ancestry individuals",GCST007326,Genome-wide association analyses of risk tolerance and risky behaviors in over 1 million individuals identify hundreds of loci and shared genetic influences.
rs12042107,Number of sexual partners,1,90730619,9e-12,0.016201833,BARHL2 - LINC02609,30643258,Karlsson Linner R,Nat Genet,"370,711 European ancestry individuals","370,711 European ancestry individuals",GCST007326,Genome-wide association analyses of risk tolerance and risky behaviors in over 1 million individuals identify hundreds of loci and shared genetic influences.
rs75120545,Number of sexual partners,2,44044357,1e-11,0.046933442,LRPPRC - PPM1B-DT,30643258,Karlsson Linner R,Nat Genet,"370,711 European ancestry individuals","370,711 European ancestry individuals",GCST007326,Genome-wide association analyses of risk tolerance and risky behaviors in over 1 million individuals identify hundreds of loci and shared genetic influences.
rs1344293,General risk tolerance (MTAG),2,59906023,8e-17,0.0098,RNA5SP94 - MIR4432HG,30643258,Karlsson Linner R,Nat Genet,"975,353 European ancestry individuals","975,353 European ancestry individuals",GCST007325,Genome-wide association analyses of risk tolerance and risky behaviors in over 1 million individuals identify hundreds of loci and shared genetic influences.
rs7188873,Intelligence,16,24715743,2e-08,5.605,TNRC6A,29942086,Savage JE,Nat Genet,"269,867 European ancestry individuals","269,867 European ancestry individuals",GCST006250,"Genome-wide association meta-analysis in 269,867 individuals identifies new genetic and functional links to intelligence."
rs12653396,Attention deficit hyperactivity disorder or caudate nucleus volume (pleiotropy),5,88551455,1e-09,5.38,MIR9-2HG,30818988,Klein M,Am J Psychiatry,"19,099 European ancestry ADHD cases, 1,084 ADHD cases, 34,194 European ancestry controls, 997 controls, 11,772 European ancestry individuals","19,099 European ancestry ADHD cases, 1,084 ADHD cases, 34,194 European ancestry controls, 997 controls, 11,772 European ancestry individuals",GCST007591,Genetic Markers of ADHD-Related Variations in Intracranial Volume.
rs4702,Insomnia,15,90883330,7e-16,1.049318,FURIN,30804565,Jansen PR,Nat Genet,"651,923 European ancestry males, 679,087 European ancestry females","651,923 European ancestry males, 679,087 European ancestry females",GCST007988,"Genome-wide analysis of insomnia in 1,331,010 individuals identifies new risk loci and functional pathways."
rs4702,Insomnia,15,90883330,5e-09,1.059322,FURIN,30804565,Jansen PR,Nat Genet,"651,923 European ancestry males, 679,087 European ancestry females","651,923 European ancestry males, 679,087 European ancestry females",GCST007988,"Genome-wide analysis of insomnia in 1,331,010 individuals identifies new risk loci and functional pathways."
rs2624839,General cognitive ability,3,50164798,7e-09,5.801,SEMA3F,29844566,Davies G,Nat Commun,"up to 300,486 European ancestry individuals","up to 300,486 European ancestry individuals",GCST006269,"Study of 300,486 individuals identifies 148 independent genetic loci influencing general cognitive function."
rs7024334,Body mass index,9,106309794,8e-09,,LINC01505,31669095,Zhu Z,J Allergy Clin Immunol,"457,822 European ancestry individuals","457,822 European ancestry individuals",GCST009871,Shared Genetic and Experimental Links between Obesity-Related Traits and Asthma Subtypes in UK Biobank.
rs4702,Schizophrenia (MTAG),15,90883330,5e-12,,FURIN,32606422,Wu Y,Transl Psychiatry,"65,967 individuals","65,967 individuals",GCST010645,Multi-trait analysis for genome-wide association study of five psychiatric disorders.
rs1561029,Body mass index,3,108103398,7e-10,,LINC01215,31669095,Zhu Z,J Allergy Clin Immunol,"457,822 European ancestry individuals","457,822 European ancestry individuals",GCST009871,Shared Genetic and Experimental Links between Obesity-Related Traits and Asthma Subtypes in UK Biobank.
rs4702,Bipolar disorder (MTAG),15,90883330,5e-11,,FURIN,32606422,Wu Y,Transl Psychiatry,"65,682 individuals","65,682 individuals",GCST010641,Multi-trait analysis for genome-wide association study of five psychiatric disorders.
rs4702,Schizophrenia (MTAG),15,90883330,8e-14,,FURIN,32606422,Wu Y,Transl Psychiatry,"67,764 individuals","67,764 individuals",GCST010640,Multi-trait analysis for genome-wide association study of five psychiatric disorders.
rs6087358,Chronic obstructive pulmonary disease,20,32267943,7e-06,1.057,POFUT1 - KIF3B,28166215,Hobbs BD,Nat Genet,"11,157 European ancestry cases, 36,699 European ancestry controls, 1,142 African American cases, 2,380 African American controls, 199 Korean ancestry cases, 6,741 Korean ancestry controls, 52 Hispanic cases, 548 Hispanic controls.","11,157 European ancestry cases, 36,699 European ancestry controls, 1,142 African American cases, 2,380 African American controls, 199 Korean ancestry cases, 6,741 Korean ancestry controls, 52 Hispanic cases, 548 Hispanic controls.",GCST004147,Genetic loci associated with chronic obstructive pulmonary disease overlap with loci for lung function and pulmonary fibrosis.
rs72990858,Sporadic neuroblastoma,6,104699909,1e-13,1.6949153,NPM1P10 - HACE1,28545128,McDaniel LD,PLoS Genet,"2,101 European ancestry child cases, 4,202 European ancestry controls","2,101 European ancestry child cases, 4,202 European ancestry controls",GCST004510,Common variants upstream of MLF1 at 3q25 and within CPZ at 4p16 associated with neuroblastoma.
rs4702,Autism spectrum disorder or schizophrenia,15,90883330,1e-10,1.0638298,FURIN,28540026,Anney RJL,Mol Autism,"schizophrenia cases and controls (see Ripke, 2014), up to 6,197 European ancestry ASD cases, up to 7,377 European ancestry controls, up to 1,190 ASD cases, up to 1,190 controls","schizophrenia cases and controls (see Ripke, 2014), up to 6,197 European ancestry ASD cases, up to 7,377 European ancestry controls, up to 1,190 ASD cases, up to 1,190 controls",GCST004521,"Meta-analysis of GWAS of over 16,000 individuals with autism spectrum disorder highlights a novel locus at 10q24.32 and a significant overlap with schizophrenia."
rs12707087,Intelligence (MTAG),7,133269778,2e-09,0.022929119,EXOC4,29326435,Hill WD,Mol Psychiatry,"120,934 British ancestry individuals, 127,548 individuals","120,934 British ancestry individuals, 127,548 individuals",GCST005316,A combined analysis of genetically correlated traits identifies 187 loci and a role for neurogenesis and myelination in intelligence.
rs7024334,Body mass index,9,106309794,1e-08,0.015,LINC01505,28892062,Akiyama M,Nat Genet,"up to 72,390 Japanese ancestry women, up to 85,894 Japanese ancestry men","up to 72,390 Japanese ancestry women, up to 85,894 Japanese ancestry men",GCST004904,Genome-wide association study identifies 112 new loci for body mass index in the Japanese population.
rs2624839,Intelligence (MTAG),3,50164798,6e-15,0.023023382,SEMA3F,29326435,Hill WD,Mol Psychiatry,"120,934 British ancestry individuals, 127,548 individuals","120,934 British ancestry individuals, 127,548 individuals",GCST005316,A combined analysis of genetically correlated traits identifies 187 loci and a role for neurogenesis and myelination in intelligence.
rs7188873,Intelligence (MTAG),16,24715743,2e-09,0.01899372,TNRC6A,29326435,Hill WD,Mol Psychiatry,"120,934 British ancestry individuals, 127,548 individuals","120,934 British ancestry individuals, 127,548 individuals",GCST005316,A combined analysis of genetically correlated traits identifies 187 loci and a role for neurogenesis and myelination in intelligence.
rs3896224,Lifetime smoking index,10,104708095,1e-11,0.014,SORCS3,31689377,Wootton RE,Psychol Med,"462,690 European ancestry individuals","462,690 European ancestry individuals",GCST009096,Evidence for causal effects of lifetime smoking on risk for depression and schizophrenia: a Mendelian randomisation study.
rs7297175,Lifetime smoking index,12,56080024,7e-09,0.012,ERBB3,31689377,Wootton RE,Psychol Med,"462,690 European ancestry individuals","462,690 European ancestry individuals",GCST009096,Evidence for causal effects of lifetime smoking on risk for depression and schizophrenia: a Mendelian randomisation study.
rs11729080,Smoking status (heavy vs never),4,111582716,5e-08,1.1025358,RPL36AP23 - LINC02945,26423011,Wain LV,Lancet Respir Med,"24,457 European ancestry heavy smokers, 24,474 European ancestry never smokers","24,457 European ancestry heavy smokers, 24,474 European ancestry never smokers",GCST008667,"Novel insights into the genetics of smoking behaviour, lung function, and chronic obstructive pulmonary disease (UK BiLEVE): a genetic association study in UK Biobank."
rs4702,Feeling hurt,15,90883330,2e-09,6,FURIN,29500382,Nagel M,Nat Commun,"372,047 European ancestry individuals","372,047 European ancestry individuals",GCST006951,Item-level analyses reveal genetic heterogeneity in neuroticism.
rs1344293,Age at first sexual intercourse,2,59906023,3e-15,0.0303143,RNA5SP94 - MIR4432HG,27089180,Day FR,Nat Genet,"59,357 British ancestry males, 66,310 British ancestry females","59,357 British ancestry males, 66,310 British ancestry females",GCST007335,Physical and neurobehavioral determinants of reproductive onset and success.
rs4702,Age at first sexual intercourse,15,90883330,3e-10,0.0243427,FURIN,27089180,Day FR,Nat Genet,"59,357 British ancestry males, 66,310 British ancestry females","59,357 British ancestry males, 66,310 British ancestry females",GCST007335,Physical and neurobehavioral determinants of reproductive onset and success.
rs7188873,Educational attainment (years of education),16,24715743,1e-08,,TNRC6A,30595370,Kichaev G,Am J Hum Genet,"approximately 455,000 European ancestry individuals","approximately 455,000 European ancestry individuals",GCST007037,Leveraging Polygenic Functional Enrichment to Improve GWAS Power.
rs75120545,Alcohol consumption (drinks per week),2,44044357,6e-09,0.043,LRPPRC - PPM1B-DT,30679032,Brazel DM,Biol Psychiatry,"up to 357,854 European ancestry individuals","up to 357,854 European ancestry individuals",GCST008811,Exome Chip Meta-analysis Fine Maps Causal Variants and Elucidates the Genetic Architecture of Rare Coding Variants in Smoking and Alcohol Use.
rs7024334,Body mass index,9,106309794,5e-12,0.0135,LINC01505,30239722,Pulit SL,Hum Mol Genet,"806,834 European ancestry individuals","806,834 European ancestry individuals",GCST009004,"Meta-analysis of genome-wide association studies for body fat distribution in 694,649 individuals of European ancestry."
rs11155821,Educational attainment (years of education),6,151894587,3e-12,,ESR1,30595370,Kichaev G,Am J Hum Genet,"approximately 455,000 European ancestry individuals","approximately 455,000 European ancestry individuals",GCST007037,Leveraging Polygenic Functional Enrichment to Improve GWAS Power.
rs6508144,Smoking initiation,18,52499772,2e-08,1.02,DCC,33082346,Xu K,Nat Commun,"842,717 European ancestry individuals","842,717 European ancestry individuals",GCST011703,"Genome-wide association study of smoking trajectory and meta-analysis of smoking status in 842,000 individuals."
rs4702,General risk tolerance (MTAG),15,90883330,3e-09,0.007,FURIN,30643258,Karlsson Linner R,Nat Genet,"975,353 European ancestry individuals","975,353 European ancestry individuals",GCST007325,Genome-wide association analyses of risk tolerance and risky behaviors in over 1 million individuals identify hundreds of loci and shared genetic influences.
rs75120545,Spherical equivalent,2,44044357,8e-17,0.28,LRPPRC - PPM1B-DT,32352494,Han X,JAMA Ophthalmol,"95,827 European ancestry individuals","95,827 European ancestry individuals",GCST010378,Association of Myopia and Intraocular Pressure With Retinal Detachment in European Descent Participants of the UK Biobank Cohort: A Mendelian Randomization Study.
rs4702,Schizophrenia,15,90883330,2e-15,1.077238,FURIN,31740837,Lam M,Nat Genet,"22,778 East Asian ancestry cases, 35,362 East Asian ancestry controls, 33,640 European ancestry cases, 43,456 European ancestry controls","22,778 East Asian ancestry cases, 35,362 East Asian ancestry controls, 33,640 European ancestry cases, 43,456 European ancestry controls",GCST009337,Comparative genetic architectures of schizophrenia in East Asian and European populations.
rs75120545,Morning person,2,44044357,1e-12,,LRPPRC - PPM1B-DT,30595370,Kichaev G,Am J Hum Genet,"approximately 410,000 European ancestry individuals","approximately 410,000 European ancestry individuals",GCST007083,Leveraging Polygenic Functional Enrichment to Improve GWAS Power.
rs75120545,Smoking status,2,44044357,3e-08,,LRPPRC - PPM1B-DT,30595370,Kichaev G,Am J Hum Genet,"approximately 458,000 European ancestry individuals","approximately 458,000 European ancestry individuals",GCST007085,Leveraging Polygenic Functional Enrichment to Improve GWAS Power.
rs75120545,Morning person,2,44044357,7e-17,1.0972,LRPPRC - PPM1B-DT,30696823,Jones SE,Nat Commun,"252,287 European ancestry cases, 150,908 European ancestry controls","252,287 European ancestry cases, 150,908 European ancestry controls",GCST007565,"Genome-wide association analyses of chronotype in 697,828 individuals provides insights into circadian rhythms."
rs34481141,Educational attainment (years of education),2,184743030,4e-08,0.0108,ZNF804A,30038396,Lee JJ,Nat Genet,"up to 1,131,881 European ancestry individuals","up to 1,131,881 European ancestry individuals",GCST006442,Gene discovery and polygenic prediction from a genome-wide association study of educational attainment in 1.1 million individuals.
rs7188873,Educational attainment (years of education),16,24715743,5e-14,0.0109,TNRC6A,30038396,Lee JJ,Nat Genet,"up to 1,131,881 European ancestry individuals","up to 1,131,881 European ancestry individuals",GCST006442,Gene discovery and polygenic prediction from a genome-wide association study of educational attainment in 1.1 million individuals.
rs75120545,Chronotype,2,44044357,7e-17,1.0900244,LRPPRC - PPM1B-DT,30696823,Jones SE,Nat Commun,"449,734  European ancestry individuals","449,734  European ancestry individuals",GCST007576,"Genome-wide association analyses of chronotype in 697,828 individuals provides insights into circadian rhythms."
rs12653396,Educational attainment (years of education),5,88551455,1e-13,0.0116,MIR9-2HG,30038396,Lee JJ,Nat Genet,"up to 1,131,881 European ancestry individuals","up to 1,131,881 European ancestry individuals",GCST006442,Gene discovery and polygenic prediction from a genome-wide association study of educational attainment in 1.1 million individuals.
rs7188873,Smoking initiation (ever regular vs never regular) (MTAG),16,24715743,1e-18,0.00979102,TNRC6A,30643251,Liu M,Nat Genet,"up to 1,359,002 European ancestry individuals","up to 1,359,002 European ancestry individuals",GCST007468,Association studies of up to 1.2 million individuals yield new insights into the genetic etiology of tobacco and alcohol use.
rs1392816,Educational attainment (MTAG),1,66015505,5e-10,0.0084,PDE4B,30038396,Lee JJ,Nat Genet,"1,311,438 European ancestry individuals","1,311,438 European ancestry individuals",GCST006571,Gene discovery and polygenic prediction from a genome-wide association study of educational attainment in 1.1 million individuals.
rs13280592,Medication use (agents acting on the renin-angiotensin system),8,115674525,2e-08,0.038423017,TRPS1,31015401,Wu Y,Nat Commun,"62,752 European ancestry cases, 174,778 European ancestry controls","62,752 European ancestry cases, 174,778 European ancestry controls",GCST007930,Genome-wide association study of medication-use and associated disease in the UK Biobank.
rs359233,Educational attainment (MTAG),2,60243791,3e-08,0.0075,RNA5SP94 - MIR4432HG,30038396,Lee JJ,Nat Genet,"1,311,438 European ancestry individuals","1,311,438 European ancestry individuals",GCST006571,Gene discovery and polygenic prediction from a genome-wide association study of educational attainment in 1.1 million individuals.
rs12653396,Educational attainment (MTAG),5,88551455,2e-33,0.0159,MIR9-2HG,30038396,Lee JJ,Nat Genet,"1,311,438 European ancestry individuals","1,311,438 European ancestry individuals",GCST006571,Gene discovery and polygenic prediction from a genome-wide association study of educational attainment in 1.1 million individuals.
rs10978435,Bioavailable testosterone levels,9,106186878,5e-16,0.0175351,LINC01505,32042192,Ruth KS,Nat Med,"382,988 European ancestry individuals","382,988 European ancestry individuals",GCST90012104,Using human genetics to understand the disease impacts of testosterone in men and women.
rs72990858,Educational attainment (MTAG),6,104699909,4e-09,0.0131,NPM1P10 - HACE1,30038396,Lee JJ,Nat Genet,"1,311,438 European ancestry individuals","1,311,438 European ancestry individuals",GCST006571,Gene discovery and polygenic prediction from a genome-wide association study of educational attainment in 1.1 million individuals.
rs7236339,Cognitive performance (MTAG),18,79819773,2e-12,0.0193,KCNG2,30038396,Lee JJ,Nat Genet,"402,382 European ancestry individuals","402,382 European ancestry individuals",GCST006570,Gene discovery and polygenic prediction from a genome-wide association study of educational attainment in 1.1 million individuals.
rs7111153,Self-reported math ability,11,112963431,4e-18,0.0173,NCAM1,30038396,Lee JJ,Nat Genet,"564,698 European ancestry individuals","564,698 European ancestry individuals",GCST006573,Gene discovery and polygenic prediction from a genome-wide association study of educational attainment in 1.1 million individuals.
rs3896224,Cognitive performance (MTAG),10,104708095,5e-14,0.0175,SORCS3,30038396,Lee JJ,Nat Genet,"402,382 European ancestry individuals","402,382 European ancestry individuals",GCST006570,Gene discovery and polygenic prediction from a genome-wide association study of educational attainment in 1.1 million individuals.
rs1561029,Cognitive performance (MTAG),3,108103398,2e-10,0.015,LINC01215,30038396,Lee JJ,Nat Genet,"402,382 European ancestry individuals","402,382 European ancestry individuals",GCST006570,Gene discovery and polygenic prediction from a genome-wide association study of educational attainment in 1.1 million individuals.
rs4702,"Anorexia nervosa, attention-deficit/hyperactivity disorder, autism spectrum disorder, bipolar disorder, major depression, obsessive-compulsive disorder, schizophrenia, or Tourette syndrome (pleiotropy)",15,90883330,2e-11,,FURIN,31835028,Cross-Disorder Group of the Psychiatric Genomics Consortium,Cell,"19,009 European ancestry ADHD cases, 3,495 European ancestry anorexia cases, 18,381 European ancestry autism cases, 20,352 European ancestry bipolar disorder cases, 130,664 European ancestry major depression cases, 2,688 European ancestry OCD cases, 33,640 European ancestry schizophrenia cases, 4,645 European ancestry Tourette's cases, 494,162 European ancestry controls","19,009 European ancestry ADHD cases, 3,495 European ancestry anorexia cases, 18,381 European ancestry autism cases, 20,352 European ancestry bipolar disorder cases, 130,664 European ancestry major depression cases, 2,688 European ancestry OCD cases, 33,640 European ancestry schizophrenia cases, 4,645 European ancestry Tourette's cases, 494,162 European ancestry controls",GCST009600,"Genomic Relationships, Novel Loci, and Pleiotropic Mechanisms across Eight Psychiatric Disorders."
rs794375,Cognitive performance (MTAG),7,75518475,9e-09,0.0134,"PMS2P3, PMS2P3",30038396,Lee JJ,Nat Genet,"402,382 European ancestry individuals","402,382 European ancestry individuals",GCST006570,Gene discovery and polygenic prediction from a genome-wide association study of educational attainment in 1.1 million individuals.
rs7111153,Self-reported math ability (MTAG),11,112963431,1e-20,0.017,NCAM1,30038396,Lee JJ,Nat Genet,"670,471 European ancestry individuals","670,471 European ancestry individuals",GCST006569,Gene discovery and polygenic prediction from a genome-wide association study of educational attainment in 1.1 million individuals.
rs7236339,Self-reported math ability (MTAG),18,79819773,7e-10,0.0134,KCNG2,30038396,Lee JJ,Nat Genet,"670,471 European ancestry individuals","670,471 European ancestry individuals",GCST006569,Gene discovery and polygenic prediction from a genome-wide association study of educational attainment in 1.1 million individuals.
rs12653396,Noncognitive aspects of educational attainment,5,88551455,5e-13,0.05100673,MIR9-2HG,33414549,Demange PA,Nat Genet,"510,795 European ancestry individuals","510,795 European ancestry individuals",GCST90011874,Investigating the genetic architecture of noncognitive skills using GWAS-by-subtraction.
rs3896224,Childhood maltreatment,10,104708095,7e-09,0.02,SORCS3,33740410,Warrier V,Lancet Psychiatry,"185,414 European ancestry individuals","185,414 European ancestry individuals",GCST012253,Gene-environment correlations and causal effects of childhood maltreatment on physical and mental health: a genetically informed approach.
rs4702,Childhood maltreatment,15,90883330,1e-13,0.026,FURIN,33740410,Warrier V,Lancet Psychiatry,"185,414 European ancestry individuals","185,414 European ancestry individuals",GCST012253,Gene-environment correlations and causal effects of childhood maltreatment on physical and mental health: a genetically informed approach.
rs7236339,Highest math class taken (MTAG),18,79819773,2e-15,0.0159,KCNG2,30038396,Lee JJ,Nat Genet,"811,539 European ancestry individuals","811,539 European ancestry individuals",GCST006568,Gene discovery and polygenic prediction from a genome-wide association study of educational attainment in 1.1 million individuals.
rs12653396,Highest math class taken (MTAG),5,88551455,4e-24,0.0168,MIR9-2HG,30038396,Lee JJ,Nat Genet,"811,539 European ancestry individuals","811,539 European ancestry individuals",GCST006568,Gene discovery and polygenic prediction from a genome-wide association study of educational attainment in 1.1 million individuals.
rs75120545,Low myopia vs hyperopia,2,44044357,7e-06,0.296996,LRPPRC - PPM1B-DT,33830181,Tideman JWL,JAMA Ophthalmol,"11,197 European ancestry low myopia cases, 10,828 European ancestry hyperopia cases","11,197 European ancestry low myopia cases, 10,828 European ancestry hyperopia cases",GCST012400,Evaluation of Shared Genetic Susceptibility to High and Low Myopia and Hyperopia.
rs4702,Appendicular lean mass,15,90883330,6e-13,0.0137,FURIN,33097823,Pei YF,Commun Biol,"450,243 European ancestry individuals","450,243 European ancestry individuals",GCST90000025,The genetic architecture of appendicular lean mass characterized by association analysis in the UK Biobank study.
rs4702,Major depressive disorder (broad),15,90883330,8e-08,0.0173,FURIN,38177345,Meng X,Nat Genet,"258,364 European ancestry cases, 571,252 European ancestry controls, 36,818 African ancestry cases, 161,679 African ancestry controls, 21,980 East Asian ancestry cases, 360,956 East Asian ancestry controls, 4,505 South Asian ancestry cases, 27,176 South Asian ancestry controls, 25,013 Hispanic or Latin American cases, 352,946 Hispanic or Latin American controls","258,364 European ancestry cases, 571,252 European ancestry controls, 36,818 African ancestry cases, 161,679 African ancestry controls, 21,980 East Asian ancestry cases, 360,956 East Asian ancestry controls, 4,505 South Asian ancestry cases, 27,176 South Asian ancestry controls, 25,013 Hispanic or Latin American cases, 352,946 Hispanic or Latin American controls",GCST90328131,"Multi-ancestry genome-wide association study of major depression aids locus discovery, fine mapping, gene prioritization and causal inference."
rs4702,Schizophrenia or breast cancer (pleiotropy),15,90883330,2e-22,,FURIN,37467357,Tang M,Schizophr Bull,"53,386 European ancestry schizophrenia cases, 133,384 European ancestry breast cancer cases, 191,047 European ancestry controls","53,386 European ancestry schizophrenia cases, 133,384 European ancestry breast cancer cases, 191,047 European ancestry controls",GCST90319499,Epidemiological and Genetic Analyses of Schizophrenia and Breast Cancer.
rs4702,Schizophrenia or ER positive breast cancer (pleiotropy),15,90883330,1e-22,,FURIN,37467357,Tang M,Schizophr Bull,"53,386 European ancestry schizophrenia cases, 69,501 European ancestry ER positive breast cancer cases, 183,232 European ancestry controls","53,386 European ancestry schizophrenia cases, 69,501 European ancestry ER positive breast cancer cases, 183,232 European ancestry controls",GCST90319500,Epidemiological and Genetic Analyses of Schizophrenia and Breast Cancer.
rs9809849,Externalizing behaviour (multivariate analysis),3,3684472,2e-09,0.007,CRBN - SUMF1,34446935,Karlsson Linner R,Nat Neurosci,"up to 53,293 European ancestry Attention-deficit/hyperactivity disorder individuals, up to 164,684 European ancestry problematic alcohol use individuals, up to 186,875 European ancestry lifetime cannabis use individuals, up to 357,187 European ancestry individuals measuring  reverse-coded age at first sexual intercourse, up to 336,121 European ancestry individuals measuring number of sexual partners, up to 426,379 European ancestry individuals measuring general risk tolerance, up to 1,251,809  European ancestry individuals measuring lifetime smoking initiation","up to 53,293 European ancestry Attention-deficit/hyperactivity disorder individuals, up to 164,684 European ancestry problematic alcohol use individuals, up to 186,875 European ancestry lifetime cannabis use individuals, up to 357,187 European ancestry individuals measuring  reverse-coded age at first sexual intercourse, up to 336,121 European ancestry individuals measuring number of sexual partners, up to 426,379 European ancestry individuals measuring general risk tolerance, up to 1,251,809  European ancestry individuals measuring lifetime smoking initiation",GCST90061435,Multivariate analysis of 1.5 million people identifies genetic associations with traits related to self-regulation and addiction.
rs4702,Externalizing behaviour (multivariate analysis),15,90883330,1e-23,0.012,FURIN,34446935,Karlsson Linner R,Nat Neurosci,"up to 53,293 European ancestry Attention-deficit/hyperactivity disorder individuals, up to 164,684 European ancestry problematic alcohol use individuals, up to 186,875 European ancestry lifetime cannabis use individuals, up to 357,187 European ancestry individuals measuring  reverse-coded age at first sexual intercourse, up to 336,121 European ancestry individuals measuring number of sexual partners, up to 426,379 European ancestry individuals measuring general risk tolerance, up to 1,251,809  European ancestry individuals measuring lifetime smoking initiation","up to 53,293 European ancestry Attention-deficit/hyperactivity disorder individuals, up to 164,684 European ancestry problematic alcohol use individuals, up to 186,875 European ancestry lifetime cannabis use individuals, up to 357,187 European ancestry individuals measuring  reverse-coded age at first sexual intercourse, up to 336,121 European ancestry individuals measuring number of sexual partners, up to 426,379 European ancestry individuals measuring general risk tolerance, up to 1,251,809  European ancestry individuals measuring lifetime smoking initiation",GCST90061435,Multivariate analysis of 1.5 million people identifies genetic associations with traits related to self-regulation and addiction.
rs7188873,Externalizing behaviour (multivariate analysis),16,24715743,5e-15,0.009,TNRC6A,34446935,Karlsson Linner R,Nat Neurosci,"up to 53,293 European ancestry Attention-deficit/hyperactivity disorder individuals, up to 164,684 European ancestry problematic alcohol use individuals, up to 186,875 European ancestry lifetime cannabis use individuals, up to 357,187 European ancestry individuals measuring  reverse-coded age at first sexual intercourse, up to 336,121 European ancestry individuals measuring number of sexual partners, up to 426,379 European ancestry individuals measuring general risk tolerance, up to 1,251,809  European ancestry individuals measuring lifetime smoking initiation","up to 53,293 European ancestry Attention-deficit/hyperactivity disorder individuals, up to 164,684 European ancestry problematic alcohol use individuals, up to 186,875 European ancestry lifetime cannabis use individuals, up to 357,187 European ancestry individuals measuring  reverse-coded age at first sexual intercourse, up to 336,121 European ancestry individuals measuring number of sexual partners, up to 426,379 European ancestry individuals measuring general risk tolerance, up to 1,251,809  European ancestry individuals measuring lifetime smoking initiation",GCST90061435,Multivariate analysis of 1.5 million people identifies genetic associations with traits related to self-regulation and addiction.
rs1344293,Externalizing behaviour (multivariate analysis),2,59906023,2e-22,0.012,RNA5SP94 - MIR4432HG,34446935,Karlsson Linner R,Nat Neurosci,"up to 53,293 European ancestry Attention-deficit/hyperactivity disorder individuals, up to 164,684 European ancestry problematic alcohol use individuals, up to 186,875 European ancestry lifetime cannabis use individuals, up to 357,187 European ancestry individuals measuring  reverse-coded age at first sexual intercourse, up to 336,121 European ancestry individuals measuring number of sexual partners, up to 426,379 European ancestry individuals measuring general risk tolerance, up to 1,251,809  European ancestry individuals measuring lifetime smoking initiation","up to 53,293 European ancestry Attention-deficit/hyperactivity disorder individuals, up to 164,684 European ancestry problematic alcohol use individuals, up to 186,875 European ancestry lifetime cannabis use individuals, up to 357,187 European ancestry individuals measuring  reverse-coded age at first sexual intercourse, up to 336,121 European ancestry individuals measuring number of sexual partners, up to 426,379 European ancestry individuals measuring general risk tolerance, up to 1,251,809  European ancestry individuals measuring lifetime smoking initiation",GCST90061435,Multivariate analysis of 1.5 million people identifies genetic associations with traits related to self-regulation and addiction.
rs12736932,Externalizing behaviour (multivariate analysis),1,232436292,1e-08,0.008,SIPA1L2,34446935,Karlsson Linner R,Nat Neurosci,"up to 53,293 European ancestry Attention-deficit/hyperactivity disorder individuals, up to 164,684 European ancestry problematic alcohol use individuals, up to 186,875 European ancestry lifetime cannabis use individuals, up to 357,187 European ancestry individuals measuring  reverse-coded age at first sexual intercourse, up to 336,121 European ancestry individuals measuring number of sexual partners, up to 426,379 European ancestry individuals measuring general risk tolerance, up to 1,251,809  European ancestry individuals measuring lifetime smoking initiation","up to 53,293 European ancestry Attention-deficit/hyperactivity disorder individuals, up to 164,684 European ancestry problematic alcohol use individuals, up to 186,875 European ancestry lifetime cannabis use individuals, up to 357,187 European ancestry individuals measuring  reverse-coded age at first sexual intercourse, up to 336,121 European ancestry individuals measuring number of sexual partners, up to 426,379 European ancestry individuals measuring general risk tolerance, up to 1,251,809  European ancestry individuals measuring lifetime smoking initiation",GCST90061435,Multivariate analysis of 1.5 million people identifies genetic associations with traits related to self-regulation and addiction.
rs4702,Childhood maltreatment,15,90883330,4e-12,,FURIN,35304435,Jamshidi J,Transl Psychiatry,"45,723 British ancestry individuals","45,723 British ancestry individuals",GCST90104628,Phenotypic and genetic analysis of a wellbeing factor score in the UK Biobank and the impact of childhood maltreatment and psychiatric illness.
rs4702,Bipolar disorder,15,90883330,4e-09,1.05897,FURIN,34002096,Mullins N,Nat Genet,"41,917 European ancestry cases, 371,549 European ancestry controls","41,917 European ancestry cases, 371,549 European ancestry controls",GCST012465,"Genome-wide association study of more than 40,000 bipolar disorder cases provides new insights into the underlying biology."
rs4702,Language functional connectivity,15,90883330,4e-13,7.263552,FURIN,34929384,Mekki Y,Neuroimage,"32,186 British ancestry individuals","32,186 British ancestry individuals",GCST90093325,The genetic architecture of language functional connectivity.
rs4702,Cortical thickness,15,90883330,1e-17,,FURIN,34560273,Shadrin AA,Neuroimage,"35,657 White British ancestry individuals","35,657 White British ancestry individuals",GCST90091061,Vertex-wise multivariate genome-wide association study identifies 780 unique genetic loci associated with cortical morphology.
rs3896224,Lifetime smoking,10,104708095,2e-11,,SORCS3,34855049,Pasman JA,Behav Genet,"272,943 European or unknown ancestry cases, 226,795 European or unknown ancestry controls","272,943 European or unknown ancestry cases, 226,795 European or unknown ancestry controls",GCST90100569,Genetic Risk for Smoking: Disentangling Interplay Between Genes and Socioeconomic Status.
rs11729080,Lifetime smoking,4,111582716,2e-10,,RPL36AP23 - LINC02945,34855049,Pasman JA,Behav Genet,"272,943 European or unknown ancestry cases, 226,795 European or unknown ancestry controls","272,943 European or unknown ancestry cases, 226,795 European or unknown ancestry controls",GCST90100569,Genetic Risk for Smoking: Disentangling Interplay Between Genes and Socioeconomic Status.
rs6087358,Monocyte percentage of white cells,20,32267943,7e-14,0.025840474,POFUT1 - KIF3B,32888494,Vuckovic D,Cell,"408,112 British individuals","408,112 British individuals",GCST90002394,The Polygenic and Monogenic Basis of Blood Traits and Diseases.
rs7188873,Smoking status,16,24715743,4e-08,,TNRC6A,30595370,Kichaev G,Am J Hum Genet,"approximately 458,000 European ancestry individuals","approximately 458,000 European ancestry individuals",GCST007085,Leveraging Polygenic Functional Enrichment to Improve GWAS Power.
rs794375,Acceptance of an invitation to participate in a mental health questionnaire,7,75518475,2e-08,0.98,"PMS2P3, PMS2P3",33563987,Tyrrell J,Nat Commun,"146,074 European ancestry cases, 148,713 European ancestry controls","146,074 European ancestry cases, 148,713 European ancestry controls",GCST90012792,Genetic predictors of participation in optional components of UK Biobank.
rs4702,Schizophrenia (MTAG),15,90883330,6e-13,0.08233309,FURIN,33479212,Yao X,Transl Psychiatry,"at least 33,640 European ancestry cases, at least 43,456 European ancestry controls","at least 33,640 European ancestry cases, at least 43,456 European ancestry controls",GCST012089,Integrative analysis of genome-wide association studies identifies novel loci associated with neuropsychiatric disorders.
rs4702,Neuropsychiatric disorders,15,90883330,5e-09,5.835,FURIN,33479212,Yao X,Transl Psychiatry,"19,099 European ancestry attention deficit hyperactivity disorder cases, 18,381 European ancestry autism spectrum disorder cases, 20,352 European ancestry bipolar disorder cases, 170,756 European ancestry major depressive disorder cases, 33,640 European ancestry schizophrenia cases, 466,420 European ancestry controls","19,099 European ancestry attention deficit hyperactivity disorder cases, 18,381 European ancestry autism spectrum disorder cases, 20,352 European ancestry bipolar disorder cases, 170,756 European ancestry major depressive disorder cases, 33,640 European ancestry schizophrenia cases, 466,420 European ancestry controls",GCST012088,Integrative analysis of genome-wide association studies identifies novel loci associated with neuropsychiatric disorders.
rs4702,Bipolar disorder (MTAG),15,90883330,1e-10,0.07342183,FURIN,33479212,Yao X,Transl Psychiatry,"at least 20,352 European ancestry cases, at least 31,358 European ancestry controls","at least 20,352 European ancestry cases, at least 31,358 European ancestry controls",GCST012091,Integrative analysis of genome-wide association studies identifies novel loci associated with neuropsychiatric disorders.
rs3896224,Smoking status,10,104708095,7e-10,,SORCS3,30595370,Kichaev G,Am J Hum Genet,"approximately 458,000 European ancestry individuals","approximately 458,000 European ancestry individuals",GCST007085,Leveraging Polygenic Functional Enrichment to Improve GWAS Power.
rs4702,"Cognitive ability, years of educational attainment or schizophrenia (pleiotropy)",15,90883330,3e-11,0.01349165,FURIN,31374203,Lam M,Am J Hum Genet,"328,917 individuals with educational attainment measurements, 107,207 individuals with cognitive ability measurements, 77,096 European ancestry schizophrenia cases, 43,456 European ancestry controls","328,917 individuals with educational attainment measurements, 107,207 individuals with cognitive ability measurements, 77,096 European ancestry schizophrenia cases, 43,456 European ancestry controls",GCST008595,"Pleiotropic Meta-Analysis of Cognition, Education, and Schizophrenia Differentiates Roles of Early Neurodevelopmental and Adult Synaptic Pathways."
rs34481141,Age at first sexual intercourse,2,184743030,7e-09,0.0253331,ZNF804A,34211149,Mills MC,Nat Hum Behav,"182,791 European ancestry individuals","182,791 European ancestry individuals",GCST90000046,Identification of 371 genetic variants for age at first sex and birth linked to externalising behaviour.
rs7024334,Age at first sexual intercourse,9,106309794,4e-14,0.0285743,LINC01505,34211149,Mills MC,Nat Hum Behav,"182,791 European ancestry individuals","182,791 European ancestry individuals",GCST90000046,Identification of 371 genetic variants for age at first sex and birth linked to externalising behaviour.
rs11038866,Age at first sexual intercourse,11,46334382,9e-15,0.0267375,DGKZ,34211149,Mills MC,Nat Hum Behav,"182,791 European ancestry individuals","182,791 European ancestry individuals",GCST90000046,Identification of 371 genetic variants for age at first sex and birth linked to externalising behaviour.
rs76702070,Age at first sexual intercourse,11,85687876,1e-09,0.0468896,CCDC89 - SYTL2,34211149,Mills MC,Nat Hum Behav,"182,791 European ancestry individuals","182,791 European ancestry individuals",GCST90000046,Identification of 371 genetic variants for age at first sex and birth linked to externalising behaviour.
rs803679,Age at first sexual intercourse,1,43883733,7e-12,0.0175012,ST3GAL3,34211149,Mills MC,Nat Hum Behav,"397,338 European ancestry individuals","397,338 European ancestry individuals",GCST90000047,Identification of 371 genetic variants for age at first sex and birth linked to externalising behaviour.
rs1392816,Age at first sexual intercourse,1,66015505,6e-16,0.0170144,PDE4B,34211149,Mills MC,Nat Hum Behav,"397,338 European ancestry individuals","397,338 European ancestry individuals",GCST90000047,Identification of 371 genetic variants for age at first sex and birth linked to externalising behaviour.
rs9809849,Age at first sexual intercourse,3,3684472,2e-11,0.014025,CRBN - SUMF1,34211149,Mills MC,Nat Hum Behav,"397,338 European ancestry individuals","397,338 European ancestry individuals",GCST90000047,Identification of 371 genetic variants for age at first sex and birth linked to externalising behaviour.
rs141547796,Age at first sexual intercourse,6,50648222,1e-17,0.0323956,DEFB112 - TFAP2D,34211149,Mills MC,Nat Hum Behav,"397,338 European ancestry individuals","397,338 European ancestry individuals",GCST90000047,Identification of 371 genetic variants for age at first sex and birth linked to externalising behaviour.
rs72990858,Age at first sexual intercourse,6,104699909,9e-10,0.0214949,NPM1P10 - HACE1,34211149,Mills MC,Nat Hum Behav,"397,338 European ancestry individuals","397,338 European ancestry individuals",GCST90000047,Identification of 371 genetic variants for age at first sex and birth linked to externalising behaviour.
rs794375,Age at first sexual intercourse,7,75518475,1e-11,0.0142188,"PMS2P3, PMS2P3",34211149,Mills MC,Nat Hum Behav,"397,338 European ancestry individuals","397,338 European ancestry individuals",GCST90000047,Identification of 371 genetic variants for age at first sex and birth linked to externalising behaviour.
rs11729080,Age at first sexual intercourse,4,111582716,4e-16,0.0221934,RPL36AP23 - LINC02945,34211149,Mills MC,Nat Hum Behav,"397,338 European ancestry individuals","397,338 European ancestry individuals",GCST90000047,Identification of 371 genetic variants for age at first sex and birth linked to externalising behaviour.
rs435538,Age at first sexual intercourse,5,24921289,3e-12,0.0170207,Y_RNA - LINC02228,34211149,Mills MC,Nat Hum Behav,"397,338 European ancestry individuals","397,338 European ancestry individuals",GCST90000047,Identification of 371 genetic variants for age at first sex and birth linked to externalising behaviour.
rs12523398,Age at first sexual intercourse,5,45119545,1e-15,0.0219237,MRPS30 - HCN1,34211149,Mills MC,Nat Hum Behav,"397,338 European ancestry individuals","397,338 European ancestry individuals",GCST90000047,Identification of 371 genetic variants for age at first sex and birth linked to externalising behaviour.
rs12653396,Age at first sexual intercourse,5,88551455,2e-21,0.0199438,MIR9-2HG,34211149,Mills MC,Nat Hum Behav,"397,338 European ancestry individuals","397,338 European ancestry individuals",GCST90000047,Identification of 371 genetic variants for age at first sex and birth linked to externalising behaviour.
rs13280592,Age at first sexual intercourse,8,115674525,9e-09,0.0134073,TRPS1,34211149,Mills MC,Nat Hum Behav,"397,338 European ancestry individuals","397,338 European ancestry individuals",GCST90000047,Identification of 371 genetic variants for age at first sex and birth linked to externalising behaviour.
rs61856978,Age at first sexual intercourse,10,96181266,6e-13,0.0153763,ZNF518A,34211149,Mills MC,Nat Hum Behav,"397,338 European ancestry individuals","397,338 European ancestry individuals",GCST90000047,Identification of 371 genetic variants for age at first sex and birth linked to externalising behaviour.
rs3896224,Age at first sexual intercourse,10,104708095,3e-21,0.0197876,SORCS3,34211149,Mills MC,Nat Hum Behav,"397,338 European ancestry individuals","397,338 European ancestry individuals",GCST90000047,Identification of 371 genetic variants for age at first sex and birth linked to externalising behaviour.
rs11866420,Age at first sexual intercourse,16,89988296,8e-16,0.0167806,"AFG3L1P, AFG3L1P",34211149,Mills MC,Nat Hum Behav,"397,338 European ancestry individuals","397,338 European ancestry individuals",GCST90000047,Identification of 371 genetic variants for age at first sex and birth linked to externalising behaviour.
rs7236339,Age at first sexual intercourse,18,79819773,4e-16,0.0201137,KCNG2,34211149,Mills MC,Nat Hum Behav,"397,338 European ancestry individuals","397,338 European ancestry individuals",GCST90000047,Identification of 371 genetic variants for age at first sex and birth linked to externalising behaviour.
rs4702,Age at first sexual intercourse,15,90883330,1e-16,0.0172063,FURIN,34211149,Mills MC,Nat Hum Behav,"397,338 European ancestry individuals","397,338 European ancestry individuals",GCST90000047,Identification of 371 genetic variants for age at first sex and birth linked to externalising behaviour.
rs7188873,Age at first sexual intercourse,16,24715743,6e-12,0.0146496,TNRC6A,34211149,Mills MC,Nat Hum Behav,"397,338 European ancestry individuals","397,338 European ancestry individuals",GCST90000047,Identification of 371 genetic variants for age at first sex and birth linked to externalising behaviour.
rs4702,Major depressive disorder,15,90883330,3e-19,0.0241,FURIN,34045744,Levey DF,Nat Neurosci,"340,591 European ancestry cases, 813,676 European ancestry controls","340,591 European ancestry cases, 813,676 European ancestry controls",GCST90020227,Bi-ancestral depression GWAS in the Million Veteran Program and meta-analysis in >1.2 million individuals highlight new therapeutic directions.
rs1392816,Smoking cessation (MTAG),1,66015505,2e-13,0.0118095,PDE4B,30643251,Liu M,Nat Genet,"up to 820,192 European ancestry individuals","up to 820,192 European ancestry individuals",GCST007464,Association studies of up to 1.2 million individuals yield new insights into the genetic etiology of tobacco and alcohol use.
rs141547796,Age of smoking initiation (MTAG),6,50648222,5e-08,0.014821,DEFB112 - TFAP2D,30643251,Liu M,Nat Genet,"up to 931,815 European ancestry  individuals","up to 931,815 European ancestry  individuals",GCST007462,Association studies of up to 1.2 million individuals yield new insights into the genetic etiology of tobacco and alcohol use.
rs6932350,Smoking initiation (ever regular vs never regular),6,26571401,5e-09,0.014968359,HMGN4 - ABT1,30643251,Liu M,Nat Genet,"up to 1,232,091 European ancestry individuals","up to 1,232,091 European ancestry individuals",GCST007474,Association studies of up to 1.2 million individuals yield new insights into the genetic etiology of tobacco and alcohol use.
rs1392816,Age of smoking initiation (MTAG),1,66015505,3e-11,0.0100538,PDE4B,30643251,Liu M,Nat Genet,"up to 931,815 European ancestry  individuals","up to 931,815 European ancestry  individuals",GCST007462,Association studies of up to 1.2 million individuals yield new insights into the genetic etiology of tobacco and alcohol use.
rs7188873,Smoking initiation (ever regular vs never regular),16,24715743,8e-15,0.020295778,TNRC6A,30643251,Liu M,Nat Genet,"up to 1,232,091 European ancestry individuals","up to 1,232,091 European ancestry individuals",GCST007474,Association studies of up to 1.2 million individuals yield new insights into the genetic etiology of tobacco and alcohol use.
rs141547796,Smoking initiation (ever regular vs never regular) (MTAG),6,50648222,6e-10,0.0123022,DEFB112 - TFAP2D,30643251,Liu M,Nat Genet,"up to 1,359,002 European ancestry individuals","up to 1,359,002 European ancestry individuals",GCST007468,Association studies of up to 1.2 million individuals yield new insights into the genetic etiology of tobacco and alcohol use.
rs72990858,Smoking initiation (ever regular vs never regular) (MTAG),6,104699909,2e-10,0.0120571,NPM1P10 - HACE1,30643251,Liu M,Nat Genet,"up to 1,359,002 European ancestry individuals","up to 1,359,002 European ancestry individuals",GCST007468,Association studies of up to 1.2 million individuals yield new insights into the genetic etiology of tobacco and alcohol use.
rs7598402,Smoking initiation (ever regular vs never regular),2,50508805,7e-09,0.014728254,NRXN1,30643251,Liu M,Nat Genet,"up to 1,232,091 European ancestry individuals","up to 1,232,091 European ancestry individuals",GCST007474,Association studies of up to 1.2 million individuals yield new insights into the genetic etiology of tobacco and alcohol use.
rs1392816,Educational attainment (years of education),1,66015505,2e-08,0.0082,PDE4B,30038396,Lee JJ,Nat Genet,"up to 1,131,881 European ancestry individuals","up to 1,131,881 European ancestry individuals",GCST006442,Gene discovery and polygenic prediction from a genome-wide association study of educational attainment in 1.1 million individuals.
rs7024334,Body mass index,9,106309794,2e-06,0.014,LINC01505,30108127,Hoffmann TJ,Genetics,"315,347 European ancestry individuals, 8,322 Hispanic/Latino individuals, 7,290 East Asian ancestry individuals, 3,069 African American individuals, 459 South Asian ancestry individuals","315,347 European ancestry individuals, 8,322 Hispanic/Latino individuals, 7,290 East Asian ancestry individuals, 3,069 African American individuals, 459 South Asian ancestry individuals",GCST006368,A Large Multi-ethnic Genome-Wide Association Study of Adult Body Mass Index Identifies Novel Loci.
rs12653396,Attention deficit hyperactivity disorder (childhood),5,88551455,2e-11,0.91,MIR9-2HG,35927488,Rajagopal VM,Nat Genet,"14,878 Danish ancestry cases, 38,303 Danish ancestry controls","14,878 Danish ancestry cases, 38,303 Danish ancestry controls",GCST90137499,"Differences in the genetic architecture of common and rare variants in childhood, persistent and late-diagnosed attention-deficit hyperactivity disorder."
rs4702,Schizophrenia,15,90883330,6e-25,1.08307,FURIN,35396580,Trubetskoy V,Nature,"53,386 European ancestry cases, 77,258 European ancestry controls, 14,004 East Asian ancestry cases, 16,757 East Asian ancestry controls, 6,152 African American cases, 3,918 African American controls, 1,234 Latino cases, 3,090 Latino controls","53,386 European ancestry cases, 77,258 European ancestry controls, 14,004 East Asian ancestry cases, 16,757 East Asian ancestry controls, 6,152 African American cases, 3,918 African American controls, 1,234 Latino cases, 3,090 Latino controls",GCST90128471,Mapping genomic loci implicates genes and synaptic biology in schizophrenia.
rs61856978,Height,10,96181266,4e-20,0.0157,ZNF518A,34594039,Sakaue S,Nat Genet,"360,388 European ancestry individuals, 165,056 East Asian ancestry individuals","360,388 European ancestry individuals, 165,056 East Asian ancestry individuals",GCST90018959,A cross-population atlas of genetic associations for 220 human phenotypes.
rs13280592,Medication use (agents acting on the renin-angiotensin system),8,115674525,2e-08,0.0384,TRPS1,34594039,Sakaue S,Nat Genet,"62,752 European ancestry cases, 174,778 European ancestry controls, 45,820 East Asian ancestry cases, 132,906 East Asian ancestry controls","62,752 European ancestry cases, 174,778 European ancestry controls, 45,820 East Asian ancestry cases, 132,906 East Asian ancestry controls",GCST90018988,A cross-population atlas of genetic associations for 220 human phenotypes.
rs1392816,Educational attainment,1,66015505,5e-19,0.00959338,PDE4B,35361970,Okbay A,Nat Genet,"3,037,499 European ancestry individuals","3,037,499 European ancestry individuals",GCST90105038,Polygenic prediction of educational attainment within and between families from genome-wide association analyses in 3 million individuals.
rs1561029,Insomnia,3,108103398,4e-09,0.006,LINC01215,35835914,Watanabe K,Nat Genet,"593,724 European ancestry cases, 1,771,286 European ancestry controls","593,724 European ancestry cases, 1,771,286 European ancestry controls",GCST90131901,Genome-wide meta-analysis of insomnia prioritizes genes associated with metabolic and psychiatric pathways.
rs2624839,Attention deficit hyperactivity disorder or autism spectrum disorder or intelligence (pleiotropy),3,50164798,2e-19,,SEMA3F,35764056,Rao S,Neuropsychobiology,"20,183 European ancestry ADHD cases, 18,381 European ancestry ASD cases, up to 63,160 European ancestry controls, 269,867 European ancestry individuals with intelligence measurements","20,183 European ancestry ADHD cases, 18,381 European ancestry ASD cases, up to 63,160 European ancestry controls, 269,867 European ancestry individuals with intelligence measurements",GCST90134330,"Genetic Relationships between Attention-Deficit/Hyperactivity Disorder, Autism Spectrum Disorder, and Intelligence."
rs3896224,Attention deficit hyperactivity disorder or autism spectrum disorder or intelligence (pleiotropy),10,104708095,9e-10,,SORCS3,35764056,Rao S,Neuropsychobiology,"20,183 European ancestry ADHD cases, 18,381 European ancestry ASD cases, up to 63,160 European ancestry controls, 269,867 European ancestry individuals with intelligence measurements","20,183 European ancestry ADHD cases, 18,381 European ancestry ASD cases, up to 63,160 European ancestry controls, 269,867 European ancestry individuals with intelligence measurements",GCST90134330,"Genetic Relationships between Attention-Deficit/Hyperactivity Disorder, Autism Spectrum Disorder, and Intelligence."
rs141547796,Attention deficit hyperactivity disorder or autism spectrum disorder or intelligence (pleiotropy),6,50648222,6e-13,,DEFB112 - TFAP2D,35764056,Rao S,Neuropsychobiology,"20,183 European ancestry ADHD cases, 18,381 European ancestry ASD cases, up to 63,160 European ancestry controls, 269,867 European ancestry individuals with intelligence measurements","20,183 European ancestry ADHD cases, 18,381 European ancestry ASD cases, up to 63,160 European ancestry controls, 269,867 European ancestry individuals with intelligence measurements",GCST90134330,"Genetic Relationships between Attention-Deficit/Hyperactivity Disorder, Autism Spectrum Disorder, and Intelligence."
rs72990858,Educational attainment,6,104699909,7e-11,0.0116246,NPM1P10 - HACE1,35361970,Okbay A,Nat Genet,"3,037,499 European ancestry individuals","3,037,499 European ancestry individuals",GCST90105038,Polygenic prediction of educational attainment within and between families from genome-wide association analyses in 3 million individuals.
rs7598402,Risk-taking behavior (multivariate analysis),2,50508805,5e-08,,NRXN1,36324656,Baselmans B,Biol Psychiatry Glob Open Sci,"1,506,537 European ancestry individuals","1,506,537 European ancestry individuals",GCST90239693,The Genetic and Neural Substrates of Externalizing Behavior.
rs4702,Risk-taking behavior (multivariate analysis),15,90883330,5e-12,,FURIN,36324656,Baselmans B,Biol Psychiatry Glob Open Sci,"1,506,537 European ancestry individuals","1,506,537 European ancestry individuals",GCST90239693,The Genetic and Neural Substrates of Externalizing Behavior.
rs4702,Insomnia,15,90883330,3e-15,0.01,FURIN,35835914,Watanabe K,Nat Genet,"222,753 European ancestry male cases, 993,280 European ancestry male controls","222,753 European ancestry male cases, 993,280 European ancestry male controls",GCST90131902,Genome-wide meta-analysis of insomnia prioritizes genes associated with metabolic and psychiatric pathways.
rs4702,Common executive function,15,90883330,3e-09,,FURIN,36150907,Hatoum AS,Biol Psychiatry,"427,037 European ancestry individuals","427,037 European ancestry individuals",GCST90162547,Genome-wide Association Study Shows That Executive Functioning Is Influenced by GABAergic Processes and Is a Neurocognitive Genetic Correlate of Psychiatric Disorders.
rs2624839,Dyslexia,3,50164798,3e-09,0.959,SEMA3F,36266505,Doust C,Nat Genet,"51,800 European ancestry cases, 1,087,070 European ancestry controls","51,800 European ancestry cases, 1,087,070 European ancestry controls",GCST90244674,Discovery of 42 genome-wide significant loci associated with dyslexia.
rs11866420,Basal cell carcinoma,16,89988296,5e-10,0.0457728,"AFG3L1P, AFG3L1P",38182794,Choquet H,Commun Biol,"49,905 European ancestry cases, 752,392 European ancestry controls","49,905 European ancestry cases, 752,392 European ancestry controls",GCST90328132,Multi-ancestry genome-wide meta-analysis identifies novel basal cell carcinoma loci and shared genetic effects with squamous cell carcinoma.
rs4702,Whole brain restricted directional diffusion (multivariate analysis),15,90883330,7e-17,,FURIN,35505052,Fan CC,Nat Commun,"23,543 European ancestry individuals","23,543 European ancestry individuals",GCST90131905,Multivariate genome-wide association study on tissue-sensitive diffusion metrics highlights pathways that shape the human brain.
rs7024334,Body mass index,9,106309794,4e-13,0.0154,LINC01505,34594039,Sakaue S,Nat Genet,"359,983 European ancestry individuals, 163,835 East Asian ancestry individuals","359,983 European ancestry individuals, 163,835 East Asian ancestry individuals",GCST90018947,A cross-population atlas of genetic associations for 220 human phenotypes.
rs4702,Anxiety disorder,15,90883330,5e-10,0.012808577,FURIN,39294497,Friligkou E,Nat Genet,"1,096,458 European ancestry individuals","1,096,458 European ancestry individuals",GCST90451690,Gene discovery and biological insights into anxiety disorders from a large-scale multi-ancestry genome-wide association study.
rs7024334,Body mass index,9,106309794,2e-12,0.0147,LINC01505,39375568,Sidorenko J,Nat Genet,"650,000 European ancestry individuals","650,000 European ancestry individuals",GCST90446645,Genetic architecture reconciles linkage and association studies of complex traits.
rs12653396,Education attainment or attention deficit hyperactivity disorder,5,88551455,4e-11,,MIR9-2HG,38250258,Chen D,Front Psychiatry,"293,723 European ancestry individuals with educational attainment, 20,183 European ancestry ADHD cases, 35,191 European ancestry controls","293,723 European ancestry individuals with educational attainment, 20,183 European ancestry ADHD cases, 35,191 European ancestry controls",GCST90455642,Unraveling shared susceptibility loci and Mendelian genetic associations linking educational attainment with multiple neuropsychiatric disorders.
rs7188873,Multi-trait sum score,16,24715743,1e-09,,TNRC6A,37277458,Vosberg DE,Sci Rep,"141,980 European ancestry males","141,980 European ancestry males",GCST90270119,"The genetics of a ""femaleness/maleness"" score in cardiometabolic traits in the UK biobank."
rs7297175,Dorsolateral prefrontal area (unadjusted for global measures),12,56080024,3e-20,0.0642,ERBB3,36893272,Makowski C,Proc Natl Acad Sci U S A,"32,488 European ancestry individuals","32,488 European ancestry individuals",GCST90271791,Larger cerebral cortex is genetically correlated with greater frontal area and dorsal thickness.
rs7297175,Dorsomedial frontal area (unadjusted for global measures),12,56080024,2e-18,0.0603,ERBB3,36893272,Makowski C,Proc Natl Acad Sci U S A,"32,488 European ancestry individuals","32,488 European ancestry individuals",GCST90271792,Larger cerebral cortex is genetically correlated with greater frontal area and dorsal thickness.
rs7297175,Cortical surface area,12,56080024,2e-18,0.0581,ERBB3,36893272,Makowski C,Proc Natl Acad Sci U S A,"32,488 European ancestry individuals","32,488 European ancestry individuals",GCST90271814,Larger cerebral cortex is genetically correlated with greater frontal area and dorsal thickness.
rs7024334,Body mass index,9,106309794,1e-13,0.013,LINC01505,36581621,Huang J,Nat Commun,"1,122,049 European ancestry individuals","1,122,049 European ancestry individuals",GCST90255621,Genomics and phenomics of body mass index reveals a complex disease network.
rs7297175,Superior parietal area (unadjusted for global measures),12,56080024,5e-11,0.0456,ERBB3,36893272,Makowski C,Proc Natl Acad Sci U S A,"32,488 European ancestry individuals","32,488 European ancestry individuals",GCST90271800,Larger cerebral cortex is genetically correlated with greater frontal area and dorsal thickness.
rs7188873,Multi-trait sex score,16,24715743,1e-08,,TNRC6A,37277458,Vosberg DE,Sci Rep,"161,906 European ancestry females","161,906 European ancestry females",GCST90270116,"The genetics of a ""femaleness/maleness"" score in cardiometabolic traits in the UK biobank."
rs7297175,Orbitofrontal area (unadjusted for global measures),12,56080024,3e-20,0.0637,ERBB3,36893272,Makowski C,Proc Natl Acad Sci U S A,"32,488 European ancestry individuals","32,488 European ancestry individuals",GCST90271796,Larger cerebral cortex is genetically correlated with greater frontal area and dorsal thickness.
rs72990858,Smoking initiation,6,104699909,3e-21,0.0128,NPM1P10 - HACE1,36477530,Saunders GRB,Nature,"3,382,012 European ancestry, East Asian ancestry, Hispanic or Latin American, African ancestry individuals","3,382,012 European ancestry, East Asian ancestry, Hispanic or Latin American, African ancestry individuals",GCST90243985,Genetic diversity fuels gene discovery for tobacco and alcohol use.
rs4702,Personality traits or cognitive traits (multivariate analysis),15,90883330,1e-12,,FURIN,37365406,Hindley G,Nat Hum Behav,"337,125 British ancestry individuals","337,125 British ancestry individuals",GCST90270074,Multivariate genetic analysis of personality and cognitive traits reveals abundant pleiotropy.
rs12653396,Aging (eyeAgeAcceleration),5,88551455,7e-07,0.124615,MIR9-2HG,36975205,Ahadi S,Elife,"45,444 European ancestry individuals","45,444 European ancestry individuals",GCST90274864,Longitudinal fundus imaging and its genome-wide association analysis provide evidence for a human retinal aging clock.
rs4702,Cannabis use disorder (MTAG),15,90883330,5e-08,0.01649835,FURIN,37156939,Xu H,Addiction,"48,900 European ancestry individuals (MTAG effective sample size boosted by opioid use disorder, alcohol use disorder, smoking samples)","48,900 European ancestry individuals (MTAG effective sample size boosted by opioid use disorder, alcohol use disorder, smoking samples)",GCST90296427,Identifying Genetic Loci and Phenomic Associations of Substance Use Traits: A Multi-trait Analysis of GWAS (MTAG) study.
rs4702,Alcohol use disorder (MTAG),15,90883330,4e-09,0.01631562,FURIN,37156939,Xu H,Addiction,"171,601 European ancestry individuals (MTAG effective sample size boosted by opioid use disorder, cannabis use disorder, smoking samples)","171,601 European ancestry individuals (MTAG effective sample size boosted by opioid use disorder, cannabis use disorder, smoking samples)",GCST90296428,Identifying Genetic Loci and Phenomic Associations of Substance Use Traits: A Multi-trait Analysis of GWAS (MTAG) study.
rs7024334,Body mass index,9,106309794,3e-09,0.0134966,LINC01505,37280435,Hawkes G,Diabetologia,"441,761 European ancestry individuals","441,761 European ancestry individuals",GCST90301650,"Genetic evidence that high BMI in childhood has a protective effect on intermediate diabetes traits, including measures of insulin sensitivity and secretion, after accounting for BMI in adulthood."
rs11729080,Pain (pleiotropy),4,111582716,6e-10,0.019,RPL36AP23 - LINC02945,37844115,Mocci E,PLoS Genet,"361,194 European ancestry individuals","361,194 European ancestry individuals",GCST90104572,"Genome wide association joint analysis reveals 99 risk loci for pain susceptibility and pleiotropic relationships with psychiatric, metabolic, and immunological traits."
rs4702,Opioid use disorder (MTAG),15,90883330,1e-11,0.02302296,FURIN,37156939,Xu H,Addiction,"74,635 European ancestry individuals (MTAG effective sample size boosted by cannabis use disorder, alcohol use disorder, smoking samples)","74,635 European ancestry individuals (MTAG effective sample size boosted by cannabis use disorder, alcohol use disorder, smoking samples)",GCST90296425,Identifying Genetic Loci and Phenomic Associations of Substance Use Traits: A Multi-trait Analysis of GWAS (MTAG) study.
rs6974757,Osteoarthritis,7,114484605,1e-11,0.96,FOXP2,36411363,McDonald MN,Nat Genet,"109,358 European ancestry cases, 303,812 European ancestry controls","109,358 European ancestry cases, 303,812 European ancestry controls",GCST90134288,Novel genetic loci associated with osteoarthritis in multi-ancestry analyses in the Million Veteran Program and UK Biobank.
rs4702,Cannabis use disorder (MTAG),15,90883330,3e-08,0.018,FURIN,37985822,Levey DF,Nat Genet,"200,762 European ancestry individuals (MTAG effective sample size boosted by alcohol use disorder and nicotine dependence samples)","200,762 European ancestry individuals (MTAG effective sample size boosted by alcohol use disorder and nicotine dependence samples)",GCST90320053,Multi-ancestry genome-wide association study of cannabis use disorder yields insight into disease biology and public health implications.
rs12042107,Smoking initiation,1,90730619,2e-41,0.0117,BARHL2 - LINC02609,36477530,Saunders GRB,Nature,"2,669,029 European ancestry individuals","2,669,029 European ancestry individuals",GCST90243968,Genetic diversity fuels gene discovery for tobacco and alcohol use.
rs4702,Insomnia,15,90883330,3e-17,0.01,FURIN,35835914,Watanabe K,Nat Genet,"390,751 European ancestry female cases, 1,018,386 European ancestry female controls","390,751 European ancestry female cases, 1,018,386 European ancestry female controls",GCST90131903,Genome-wide meta-analysis of insomnia prioritizes genes associated with metabolic and psychiatric pathways.
rs7024334,Smoking initiation,9,106309794,2e-16,0.00858,LINC01505,36477530,Saunders GRB,Nature,"2,669,029 European ancestry individuals","2,669,029 European ancestry individuals",GCST90243968,Genetic diversity fuels gene discovery for tobacco and alcohol use.
rs266070,Smoking initiation,2,103460197,4e-74,0.016,TMEM182 - CRLF3P1,36477530,Saunders GRB,Nature,"2,669,029 European ancestry individuals","2,669,029 European ancestry individuals",GCST90243968,Genetic diversity fuels gene discovery for tobacco and alcohol use.
rs359233,Educational attainment,2,60243791,3e-21,0.0102384,RNA5SP94 - MIR4432HG,35361970,Okbay A,Nat Genet,"3,037,499 European ancestry individuals","3,037,499 European ancestry individuals",GCST90105038,Polygenic prediction of educational attainment within and between families from genome-wide association analyses in 3 million individuals.
rs4702,Opioid use disorder,15,90883330,3e-10,6.288,FURIN,36171425,Kember RL,Nat Neurosci,"24,867 European ancestry cases, 296,446 European ancestry controls","24,867 European ancestry cases, 296,446 European ancestry controls",GCST90244134,Cross-ancestry meta-analysis of opioid use disorder uncovers novel loci with predominant effects in brain regions associated with addiction.
rs4702,Opioid use disorder (broad),15,90883330,8e-10,5.473,FURIN,36171425,Kember RL,Nat Neurosci,"8,968 African American cases, 79,530 African American controls, 19,978 European ancestry cases, 282,607 European ancestry controls, 2,527 Hispanic American cases, 32,334 Hispanic American controls","8,968 African American cases, 79,530 African American controls, 19,978 European ancestry cases, 282,607 European ancestry controls, 2,527 Hispanic American cases, 32,334 Hispanic American controls",GCST90244135,Cross-ancestry meta-analysis of opioid use disorder uncovers novel loci with predominant effects in brain regions associated with addiction.
rs4702,Opioid use disorder (broad),15,90883330,3e-10,1.0692,FURIN,36171425,Kember RL,Nat Neurosci,"19,978 European ancestry cases, 282,607 European ancestry controls","19,978 European ancestry cases, 282,607 European ancestry controls",GCST90244137,Cross-ancestry meta-analysis of opioid use disorder uncovers novel loci with predominant effects in brain regions associated with addiction.
rs7598402,Smoking initiation,2,50508805,1e-14,0.0067,NRXN1,36477530,Saunders GRB,Nature,"2,669,029 European ancestry individuals","2,669,029 European ancestry individuals",GCST90243968,Genetic diversity fuels gene discovery for tobacco and alcohol use.
rs6932350,Smoking initiation,6,26571401,4e-26,0.00919,HMGN4 - ABT1,36477530,Saunders GRB,Nature,"2,669,029 European ancestry individuals","2,669,029 European ancestry individuals",GCST90243968,Genetic diversity fuels gene discovery for tobacco and alcohol use.
rs7297175,COVID-19 hospitalization or rheumatoid arthritis (MTAG),12,56080024,3e-12,,ERBB3,36762574,Yao M,J Med Virol,"32,519 European ancestry COVID-19 hospitalization cases, 14,361 European ancestry RA cases, 2,106,728 European ancestry controls","32,519 European ancestry COVID-19 hospitalization cases, 14,361 European ancestry RA cases, 2,106,728 European ancestry controls",GCST90255368,Disentangling the common genetic architecture and causality of rheumatoid arthritis and systemic lupus erythematosus with COVID-19 outcomes: genome-wide cross trait analysis and bi-directional Mendelian randomization study.
rs7188873,Age when finished full-time education (standard GWA),16,24715743,5e-08,0.024864,TNRC6A,37106081,Schoeler T,Nat Hum Behav,"283,749 European ancestry individuals","283,749 European ancestry individuals",GCST90267280,Participation bias in the UK Biobank distorts genetic associations and downstream analyses.
rs12042107,Number of sexual partners in opposite-sex sexual behavior,1,90730619,2e-10,0.12834,BARHL2 - LINC02609,34426668,Zietsch BP,Nat Hum Behav,"358,426 European ancestry individuals","358,426 European ancestry individuals",GCST90026480,Genomic evidence consistent with antagonistic pleiotropy may help explain the evolutionary maintenance of same-sex sexual behaviour in humans.
rs4702,Number of sexual partners in opposite-sex sexual behavior,15,90883330,3e-13,0.146036,FURIN,34426668,Zietsch BP,Nat Hum Behav,"358,426 European ancestry individuals","358,426 European ancestry individuals",GCST90026480,Genomic evidence consistent with antagonistic pleiotropy may help explain the evolutionary maintenance of same-sex sexual behaviour in humans.
rs4702,Number of sexual partners in opposite-sex sexual behavior,15,90883330,2e-13,0.278666,FURIN,34426668,Zietsch BP,Nat Hum Behav,"196,243 European ancestry males","196,243 European ancestry males",GCST90026482,Genomic evidence consistent with antagonistic pleiotropy may help explain the evolutionary maintenance of same-sex sexual behaviour in humans.
rs2624839,Body mass index,3,50164798,5e-36,0.0304712,SEMA3F,38538606,Harris BHL,Sci Rep,"342,566 European ancestry individuals","342,566 European ancestry individuals",GCST90428119,New role of fat-free mass in cancer risk linked with genetic predisposition.
rs7188873,CAMSIS occupational score,16,24715743,3e-08,0.0162092,TNRC6A,39715877,Akimova ET,Nat Hum Behav,"273,157 British ancestry individuals","273,157 British ancestry individuals",GCST90446162,"Polygenic prediction of occupational status GWAS elucidates genetic and environmental interplay in intergenerational transmission, careers and health in UK Biobank."
rs7188873,ISEI occupational score (MTAG),16,24715743,1e-11,0.010972205,TNRC6A,39715877,Akimova ET,Nat Hum Behav,"271,769 British ancestry individuals","271,769 British ancestry individuals",GCST90492677,"Polygenic prediction of occupational status GWAS elucidates genetic and environmental interplay in intergenerational transmission, careers and health in UK Biobank."
rs11155821,CAMSIS occupational score (MTAG),6,151894587,3e-22,0.017074341,ESR1,39715877,Akimova ET,Nat Hum Behav,"273,157 British ancestry individuals","273,157 British ancestry individuals",GCST90492678,"Polygenic prediction of occupational status GWAS elucidates genetic and environmental interplay in intergenerational transmission, careers and health in UK Biobank."
rs7188873,CAMSIS occupational score (MTAG),16,24715743,3e-12,0.012265617,TNRC6A,39715877,Akimova ET,Nat Hum Behav,"273,157 British ancestry individuals","273,157 British ancestry individuals",GCST90492678,"Polygenic prediction of occupational status GWAS elucidates genetic and environmental interplay in intergenerational transmission, careers and health in UK Biobank."
rs7188873,SIOPS occupational score (MTAG),16,24715743,9e-12,0.010787558,TNRC6A,39715877,Akimova ET,Nat Hum Behav,"271,769 British ancestry individuals","271,769 British ancestry individuals",GCST90492679,"Polygenic prediction of occupational status GWAS elucidates genetic and environmental interplay in intergenerational transmission, careers and health in UK Biobank."
rs7024334,Body mass index,9,106309794,7e-10,0.0154166,LINC01505,39134668,Shi S,Nat Genet,"403,610 European ancestry individuals","403,610 European ancestry individuals",GCST90435413,A Genomics England haplotype reference panel and imputation of UK Biobank.
rs11160699,Type 2 diabetes,14,102785933,2e-06,0.041,TRAF3,35551307,Mahajan A,Nat Genet,"251,740 European ancestry individuals","251,740 European ancestry individuals",GCST90132184,Multi-ancestry genetic study of type 2 diabetes highlights the power of diverse populations for discovery and translation.
rs4702,Vertex-wise cortical thickness,15,90883330,6e-19,8.89,FURIN,34910505,van der Meer D,Sci Adv,"33,748 European ancestry individuals","33,748 European ancestry individuals",GCST90095131,The genetic architecture of human cortical folding.
rs4702,Vertex-wise sulcal depth,15,90883330,7e-75,18.31,FURIN,34910505,van der Meer D,Sci Adv,"33,748 European ancestry individuals","33,748 European ancestry individuals",GCST90095129,The genetic architecture of human cortical folding.
rs12653396,Smoked fish liking,5,88551455,5e-08,0.01977,MIR9-2HG,35585065,May-Wilson S,Nat Commun,"158,149 European ancestry individuals","158,149 European ancestry individuals",GCST90094841,Large-scale GWAS of food liking reveals genetic determinants and genetic correlations with distinct neurophysiological traits.
rs12653396,Tea without sugar liking,5,88551455,1e-08,0.02077,MIR9-2HG,35585065,May-Wilson S,Nat Commun,"158,072 European ancestry individuals","158,072 European ancestry individuals",GCST90094858,Large-scale GWAS of food liking reveals genetic determinants and genetic correlations with distinct neurophysiological traits.
rs12653396,F-salty food liking (derived food-liking factor),5,88551455,5e-10,0.0767,MIR9-2HG,35585065,May-Wilson S,Nat Commun,"156,509 European ancestry individuals","156,509 European ancestry individuals",GCST90094827,Large-scale GWAS of food liking reveals genetic determinants and genetic correlations with distinct neurophysiological traits.
rs11160699,Type 2 diabetes,14,102785933,3e-12,1.04,TRAF3,35551307,Mahajan A,Nat Genet,"251,740 European ancestry individuals, 139,705 East Asian ancestry individuals, 40,737 South Asian ancestry individuals, 27,417 Hispanic individuals, 30,167 African American individuals, 2,426 Zulu ancestry individuals","251,740 European ancestry individuals, 139,705 East Asian ancestry individuals, 40,737 South Asian ancestry individuals, 27,417 Hispanic individuals, 30,167 African American individuals, 2,426 Zulu ancestry individuals",GCST90132183,Multi-ancestry genetic study of type 2 diabetes highlights the power of diverse populations for discovery and translation.
rs266070,Smoking status (standard GWA),2,103460197,2e-08,0.0098529,TMEM182 - CRLF3P1,37106081,Schoeler T,Nat Hum Behav,"283,749 European ancestry individuals","283,749 European ancestry individuals",GCST90267302,Participation bias in the UK Biobank distorts genetic associations and downstream analyses.
rs7297175,Intelligence,12,56080024,2e-10,,ERBB3,36378351,Williams CM,Behav Genet,"223,731 British ancestry individuals","223,731 British ancestry individuals",GCST90264174,A General Cognitive Ability Factor for the UK Biobank.
rs4702,Depression,15,90883330,2e-12,0.0197046,FURIN,37464041,Als TD,Nat Med,"371,184 European ancestry cases, 978,703 European ancestry controls","371,184 European ancestry cases, 978,703 European ancestry controls",GCST90319327,"Depression pathophysiology, risk prediction of recurrence and comorbid psychiatric disorders using genome-wide analyses."
rs4702,Insomnia,15,90883330,3e-31,0.011,FURIN,35835914,Watanabe K,Nat Genet,"593,724 European ancestry cases, 1,771,286 European ancestry controls","593,724 European ancestry cases, 1,771,286 European ancestry controls",GCST90131901,Genome-wide meta-analysis of insomnia prioritizes genes associated with metabolic and psychiatric pathways.
rs7236339,Educational attainment,18,79819773,2e-33,0.0153102,KCNG2,35361970,Okbay A,Nat Genet,"3,037,499 European ancestry individuals","3,037,499 European ancestry individuals",GCST90105038,Polygenic prediction of educational attainment within and between families from genome-wide association analyses in 3 million individuals.
rs12653396,Attention deficit hyperactivity disorder or autism spectrum disorder (pleiotropy),5,88551455,4e-08,,MIR9-2HG,35717853,Baranova A,Psychiatry Res,"20,183 European ancestry ADHD cases, 35,191 European ancestry controls without ADHD, 18,381 European ancestry ASD cases, 27,969 European ancestry controls without ASD","20,183 European ancestry ADHD cases, 35,191 European ancestry controls without ADHD, 18,381 European ancestry ASD cases, 27,969 European ancestry controls without ASD",GCST90133365,Shared genetics between autism spectrum disorder and attention-deficit/hyperactivity disorder and their association with extraversion.
rs7598402,Height,2,50508805,1e-06,0.003,NRXN1,36224396,Yengo L,Nature,"5,314,291 European ancestry, Hispanic or Latin American, East Asian ancestry, African ancestry, South Asian ancestry individuals","5,314,291 European ancestry, Hispanic or Latin American, East Asian ancestry, African ancestry, South Asian ancestry individuals",GCST90245848,A saturated map of common genetic variants associated with human height.
rs4702,Height,15,90883330,9e-57,0.0102,FURIN,36224396,Yengo L,Nature,"5,314,291 European ancestry, Hispanic or Latin American, East Asian ancestry, African ancestry, South Asian ancestry individuals","5,314,291 European ancestry, Hispanic or Latin American, East Asian ancestry, African ancestry, South Asian ancestry individuals",GCST90245848,A saturated map of common genetic variants associated with human height.
